<?xml version="1.0" encoding="UTF-8"?>
<project-private xmlns="http://www.netbeans.org/ns/project-private/1">
    <editor-bookmarks xmlns="http://www.netbeans.org/ns/editor-bookmarks/2" lastBookmarkId="0"/>
    <open-files xmlns="http://www.netbeans.org/ns/projectui-open-files/2">
        <group>
            <file>file:/E:/Documentos/NetBeansProjects/Proyectp%20de%20Aula%20Christyan%20Silva/src/Clases_Implementadas/EntregaPaquete.java</file>
            <file>file:/E:/Documentos/NetBeansProjects/Proyectp%20de%20Aula%20Christyan%20Silva/src/Vista/IRegistroPaqueteria.java</file>
            <file>file:/E:/Documentos/NetBeansProjects/Proyectp%20de%20Aula%20Christyan%20Silva/src/Clases_Implementadas/Repartidor.java</file>
            <file>file:/E:/Documentos/NetBeansProjects/Proyectp%20de%20Aula%20Christyan%20Silva/src/Clases_Implementadas/RegistrarPaquete.java</file>
            <file>file:/E:/Documentos/NetBeansProjects/Proyectp%20de%20Aula%20Christyan%20Silva/src/Vista/Test.java</file>
        </group>
    </open-files>
</project-private>
